hash,from,to,value,timeStamp
0x603e44d420211203a6185398b47619af4ca0b39ce9c5cffe23ce30fe4b6e412b,0xef9b05f8a3fd7f6a76643eda7bfa2094b8c06ace,0x3e0defb880cd8e163bad68abe66437f99a7a8a74,11110000000000000,1681133003
0x9f1c0797c47e9fdf0a9aef03be4f1d8b453e277c6ad56dcf530d68b19065a28d,0x1def12e54c45e179a3b8ac66b584972ff6673e4b,0x3e0defb880cd8e163bad68abe66437f99a7a8a74,10000000000000,1664749667
0x42a82fea7daed3514ab67c58c3dc7369e8df268dd3d67d1be36b4a7f926bf52e,0x060873dcda39bcf97333424762434ca251abeb57,0x3e0defb880cd8e163bad68abe66437f99a7a8a74,10000000000000,1645851147
0xe8a27a5eafd943191f26ede7911c03ad6c0b52c3e130713ee98543c3be941f79,0xd690758a425ed7b2e3a225c2b40bc65300c67d4f,0x3e0defb880cd8e163bad68abe66437f99a7a8a74,0,1645464170
0x6925c08977035eba3aef83ada98b557aa7d80941adeff76c2a82a4103b1ec2b4,0x03cf40b900971561ac6bd997ef1fe939dcbc95e2,0x3e0defb880cd8e163bad68abe66437f99a7a8a74,0,1645368506
0x7d602279b06ab4fa6152699a78f970e0c153101857e6bcb2e71b5b4a3e51d55f,0x03cf40b900971561ac6bd997ef1fe939dcbc95e2,0x3e0defb880cd8e163bad68abe66437f99a7a8a74,0,1645368486
0x0ec0780ceed18322793135ec8554e3bbe603de765ef6247e9fb2214ad9623848,0x03cf40b900971561ac6bd997ef1fe939dcbc95e2,0x3e0defb880cd8e163bad68abe66437f99a7a8a74,0,1645368458
0xbdf06e79d718bea93428aa338a7014692c0a507c929cc9487fad55916fce6081,0x03cf40b900971561ac6bd997ef1fe939dcbc95e2,0x3e0defb880cd8e163bad68abe66437f99a7a8a74,0,1645368458
0x28bbeabec7b1375f74b8c1fc8d15f738199e1380556e2d1f027deacbd325f292,0x03cf40b900971561ac6bd997ef1fe939dcbc95e2,0x3e0defb880cd8e163bad68abe66437f99a7a8a74,0,1645368458
0x4132fc42e77619798f47f06d7b3c2dda9a2faebdfaf41edc4ddf1cfbba7a5a22,0x03cf40b900971561ac6bd997ef1fe939dcbc95e2,0x3e0defb880cd8e163bad68abe66437f99a7a8a74,0,1645368429
0x92fee64120e71f66754db5c2a7744837d252dd028cef51990a5d6738b5cb65cb,0x03cf40b900971561ac6bd997ef1fe939dcbc95e2,0x3e0defb880cd8e163bad68abe66437f99a7a8a74,0,1645368429
0x2f8a40e672625b38340d5746910cb523c9567757b0e2b3e855a7b4b2c1261907,0x03cf40b900971561ac6bd997ef1fe939dcbc95e2,0x3e0defb880cd8e163bad68abe66437f99a7a8a74,0,1645368429
0xe39c4e2a01b6c980fd2418ea404bf187c332b7b7e93b9c2b6b3fd7680ca9ddc4,0x03cf40b900971561ac6bd997ef1fe939dcbc95e2,0x3e0defb880cd8e163bad68abe66437f99a7a8a74,0,1645368409
0x2e3003b853bf9cff3c47a0146328f42020e98477aa5ff3612454a8f4a0f1bba4,0x03cf40b900971561ac6bd997ef1fe939dcbc95e2,0x3e0defb880cd8e163bad68abe66437f99a7a8a74,0,1645368409
0xa848841d158df97ee2ec3ae3929ba9b7e4801584284cbc3605ebd767d9bbd49a,0x03cf40b900971561ac6bd997ef1fe939dcbc95e2,0x3e0defb880cd8e163bad68abe66437f99a7a8a74,0,1645368394
0x2b4563526a24063d37ece9244f0d3b65d9362137df895f6051a97a09c5e23b5d,0x03cf40b900971561ac6bd997ef1fe939dcbc95e2,0x3e0defb880cd8e163bad68abe66437f99a7a8a74,0,1645368380
0x8d7d4a3c92a1f64d0a71fdd31ec1f8ff234b69cfc9b5d3d4f6e98dfc9167d3b9,0x03cf40b900971561ac6bd997ef1fe939dcbc95e2,0x3e0defb880cd8e163bad68abe66437f99a7a8a74,0,1645368369
0xf88daa0e98b3580f577db05de38767172ee5f384ad6d10c808663f117257010b,0x03cf40b900971561ac6bd997ef1fe939dcbc95e2,0x3e0defb880cd8e163bad68abe66437f99a7a8a74,0,1645368349
0x775c5070db9ac3421a2c7e2e0bd8b05a9deeebef1a58b27069314130f4f5d566,0x03cf40b900971561ac6bd997ef1fe939dcbc95e2,0x3e0defb880cd8e163bad68abe66437f99a7a8a74,0,1645368349
0xb6bca68a19fc56b862d250e7e73aef4e1abf9594bfc390040ee6765fad0c6ba9,0x03cf40b900971561ac6bd997ef1fe939dcbc95e2,0x3e0defb880cd8e163bad68abe66437f99a7a8a74,0,1645368340
0x858453ee90b1de81d227db4bf96377633973480fa926ebc82cb344d27b2eb24c,0x03cf40b900971561ac6bd997ef1fe939dcbc95e2,0x3e0defb880cd8e163bad68abe66437f99a7a8a74,0,1645368317
0x165b862d089faba396d0a9e54f9e1b510fc6d2894fd522c3c02bb88fba0a6d3b,0x03cf40b900971561ac6bd997ef1fe939dcbc95e2,0x3e0defb880cd8e163bad68abe66437f99a7a8a74,0,1645368317
0x77b1bbb26d65bbca3b2e747ab496f06c110a60b224da42b1098e01bf15b03129,0x03cf40b900971561ac6bd997ef1fe939dcbc95e2,0x3e0defb880cd8e163bad68abe66437f99a7a8a74,0,1645368267
0xb976e1236bf1cf1204d37018723c06e05c56b377089183a1dd00c0548042e114,0x03cf40b900971561ac6bd997ef1fe939dcbc95e2,0x3e0defb880cd8e163bad68abe66437f99a7a8a74,0,1645368267
0xda2df00128d03afc47ecdcf62c2af63433e825c160cdd16caef05ef3f9f433ba,0x03cf40b900971561ac6bd997ef1fe939dcbc95e2,0x3e0defb880cd8e163bad68abe66437f99a7a8a74,0,1645368267
0x72ee6e9515bfe6ade4c34648b1e139e105d4310f571ad925f194d0dd56510a34,0x03cf40b900971561ac6bd997ef1fe939dcbc95e2,0x3e0defb880cd8e163bad68abe66437f99a7a8a74,0,1645368267
0x0f40cedc1266edc2964f888cc3d614a5e9dc4994ec631fb671d277e70fd747d9,0x03cf40b900971561ac6bd997ef1fe939dcbc95e2,0x3e0defb880cd8e163bad68abe66437f99a7a8a74,0,1645368252
0x1d762497e0ef56b61b1d3da285efb86d1475283693beadc07c291b70c131a9a9,0x03cf40b900971561ac6bd997ef1fe939dcbc95e2,0x3e0defb880cd8e163bad68abe66437f99a7a8a74,0,1645368252
0x8d6e4ee154048be4cea09b7655456f27619b81568f1c9a658a5f0877dc464608,0x03cf40b900971561ac6bd997ef1fe939dcbc95e2,0x3e0defb880cd8e163bad68abe66437f99a7a8a74,0,1645368232
0x2eba9471299b807fac6a9d00d369754c61b78e37d7f60831cf3c7c80bb55380d,0x03cf40b900971561ac6bd997ef1fe939dcbc95e2,0x3e0defb880cd8e163bad68abe66437f99a7a8a74,0,1645368186
0x6e45cd9a2b7fb0bd746e4e308737845ef3c7de625897835c6b1043f810542ced,0x6bd3f81a9a8adb4cb0ad56802c89576d242e4086,0x3e0defb880cd8e163bad68abe66437f99a7a8a74,0,1645360568
0x823c451245d249e1d6b4e3ba994df80f75af7676c89d57d1b2994307517015ae,0x6bd3f81a9a8adb4cb0ad56802c89576d242e4086,0x3e0defb880cd8e163bad68abe66437f99a7a8a74,0,1645360540
0xbcbd0c60a98ed378b482b3a8ef07b1aaea8e1fd1923b12b84b5f2921a54141ac,0x6bd3f81a9a8adb4cb0ad56802c89576d242e4086,0x3e0defb880cd8e163bad68abe66437f99a7a8a74,0,1645360525
0x161c68eea1a9c4a00500d1cb4db82431372d555a3fbce1aba8fd1208a8a97f7f,0x6bd3f81a9a8adb4cb0ad56802c89576d242e4086,0x3e0defb880cd8e163bad68abe66437f99a7a8a74,0,1645360387
0x6159c318a5fc46a6ea21bd50781c4f93002c1a5f528d5663999b1f20edd71753,0x6bd3f81a9a8adb4cb0ad56802c89576d242e4086,0x3e0defb880cd8e163bad68abe66437f99a7a8a74,0,1645360312
0x191407eb52a917624b5938c3c36ee6b5241f44715e6bccb9d8f4767e898fa3af,0x3e0defb880cd8e163bad68abe66437f99a7a8a74,0x722122df12d4e14e13ac3b6895a86e84145b6967,1000000000000000000,1645360216
0x5281c6f69c09637a2bcb1415f9aa5ffadf2e36236dff29dfa5314a26a23536d7,0x3e0defb880cd8e163bad68abe66437f99a7a8a74,0x722122df12d4e14e13ac3b6895a86e84145b6967,1000000000000000000,1645360199
0x741229adf4237b7824bb5b2109dc2a33a0d8d496b1684dda5e644861c5c1910d,0x6bd3f81a9a8adb4cb0ad56802c89576d242e4086,0x3e0defb880cd8e163bad68abe66437f99a7a8a74,0,1645360199
0xeb01a9757acc6148ea44c8b901eaa3af0449699347d68fa4a076a37b584c2b78,0x3e0defb880cd8e163bad68abe66437f99a7a8a74,0x722122df12d4e14e13ac3b6895a86e84145b6967,1000000000000000000,1645360183
0xda0350824b93a1813d566ae455f3a7cf5a662912183d0d420fd6eed6b6b3ea35,0x3e0defb880cd8e163bad68abe66437f99a7a8a74,0x722122df12d4e14e13ac3b6895a86e84145b6967,1000000000000000000,1645360183
0xa68ecca1282c8ec5af7d1d14c02ea5861dace6eb051a8bc971af256e240693f7,0x3e0defb880cd8e163bad68abe66437f99a7a8a74,0x722122df12d4e14e13ac3b6895a86e84145b6967,1000000000000000000,1645360134
0xcdd30ded33d7ee1d06b1482547091936821ba10f8a570a9fc9690c77362049ea,0x6bd3f81a9a8adb4cb0ad56802c89576d242e4086,0x3e0defb880cd8e163bad68abe66437f99a7a8a74,0,1645360134
0xe11a075db68830396c537306ee572fc26b72697eed1653b2bb84254e27d716e2,0x6bd3f81a9a8adb4cb0ad56802c89576d242e4086,0x3e0defb880cd8e163bad68abe66437f99a7a8a74,7700000000000,1645360134
0xbaadf35541dd2d500b3799938e8c8b3e9053ed7311abdafd2f5b1cefefbb5c40,0x6bd3f81a9a8adb4cb0ad56802c89576d242e4086,0x3e0defb880cd8e163bad68abe66437f99a7a8a74,0,1645360104
0x6dded436bc5397ba00c4d83c10ed6c4fac91312c3eeba93ab88dda3dc74887ff,0xa5ec502a322dd8ed24f154c3a830475ca2d71e48,0x3e0defb880cd8e163bad68abe66437f99a7a8a74,100000000000000,1645360040
0x0a2edf92f9c66338e596d6c0dd2dab17e0251e706db96f0630330816af8157ba,0x3e0defb880cd8e163bad68abe66437f99a7a8a74,0x722122df12d4e14e13ac3b6895a86e84145b6967,100000000000000000000,1645360040
0x50a7954e42b338451c4f5ea2f88480b96eb392cced23cd6633fd07e265e35170,0x3e0defb880cd8e163bad68abe66437f99a7a8a74,0x722122df12d4e14e13ac3b6895a86e84145b6967,100000000000000000000,1645360040
0x30bce379121eb0e3bf697b551d506d32ec86e54cf9e1ccb4f584ab8958b0ed90,0x3e0defb880cd8e163bad68abe66437f99a7a8a74,0x722122df12d4e14e13ac3b6895a86e84145b6967,100000000000000000000,1645360040
0x639ec10c604d921f6d40f20bf462655347db6c073a097578e1a6ca5c93c9a4b2,0x3e0defb880cd8e163bad68abe66437f99a7a8a74,0x722122df12d4e14e13ac3b6895a86e84145b6967,100000000000000000000,1645360040
0x86e25de436ae7880f374a1ab35e41e72fd64f5caeb193381e0f8953ea082fd7c,0x3e0defb880cd8e163bad68abe66437f99a7a8a74,0x722122df12d4e14e13ac3b6895a86e84145b6967,100000000000000000000,1645360040
0x7497f835f7b2f4a95a0a6d5c5f7e52ce4a0d7fd3381213b9f03d12945bcf9d2a,0x6bd3f81a9a8adb4cb0ad56802c89576d242e4086,0x3e0defb880cd8e163bad68abe66437f99a7a8a74,0,1645360040
0x212bb8f3327131b3cbb76e67ea1429b46d54a8ec3b2538b3cf5c5c75874d1fe3,0x3e0defb880cd8e163bad68abe66437f99a7a8a74,0x722122df12d4e14e13ac3b6895a86e84145b6967,100000000000000000000,1645360022
0x9011cfbe743ca526ce9ebd1d53ac4c1d1f98184ffbe81bb3cf1e55180b1167fd,0x3e0defb880cd8e163bad68abe66437f99a7a8a74,0x722122df12d4e14e13ac3b6895a86e84145b6967,100000000000000000000,1645360022
0xcb88dfde108e96c0278e1a06508b04017f9e8a4c9e93f18b7f60fa4cac9db2f3,0x3e0defb880cd8e163bad68abe66437f99a7a8a74,0x722122df12d4e14e13ac3b6895a86e84145b6967,100000000000000000000,1645359987
0x4a4ea22a42e3cb447c729956744d27e8014d5d62f9fc692f118d59ee4761f2d0,0x3e0defb880cd8e163bad68abe66437f99a7a8a74,0xc02aaa39b223fe8d0a0e5c4f27ead9083c756cc2,0,1645359987
0x599e8a8b0da4dac516f563e729cc9f5bf6b012347790604ecdeb48e7e5efa748,0x2b5e92781608ccd5f1dd8659e4431719bdb19f37,0x3e0defb880cd8e163bad68abe66437f99a7a8a74,1000000000000000,1645359987
0xc43c31a58986fb41b96f9d6659173571a018beb6bb3b0e96925efaa31cd6de98,0x6bd3f81a9a8adb4cb0ad56802c89576d242e4086,0x3e0defb880cd8e163bad68abe66437f99a7a8a74,0,1645359987
0xb70c546b7bde35eeaaa21cd861ecfb3a33c594ba33a41190dff7893d33262f22,0x6bd3f81a9a8adb4cb0ad56802c89576d242e4086,0x3e0defb880cd8e163bad68abe66437f99a7a8a74,0,1645359950
0xfe85f8ae4f68759c69752727dde6a9afdf0b596e961a4dcce754aaf76e6cb822,0x3e0defb880cd8e163bad68abe66437f99a7a8a74,0x722122df12d4e14e13ac3b6895a86e84145b6967,100000000000000000000,1645359898
0xefc60e843e14834b757d597f7141982a4b4592788760494139a2fa3b078e4435,0x3e0defb880cd8e163bad68abe66437f99a7a8a74,0x722122df12d4e14e13ac3b6895a86e84145b6967,100000000000000000000,1645359898
0x2517175b0b7f84ba913a4d6db726399efe5eacf7d57e387e35e48de22225e368,0x6bd3f81a9a8adb4cb0ad56802c89576d242e4086,0x3e0defb880cd8e163bad68abe66437f99a7a8a74,0,1645359898
0xf4be7c83e8b621eb20ae30340ad442e9aa367716b9e507c7df4d06053248d918,0x3e0defb880cd8e163bad68abe66437f99a7a8a74,0x59728544b08ab483533076417fbbb2fd0b17ce3a,0,1645359892
0x7800f42970c62588c14ccd45111596692e1672687eee45a343f17448c901a880,0x3e0defb880cd8e163bad68abe66437f99a7a8a74,0x722122df12d4e14e13ac3b6895a86e84145b6967,100000000000000000000,1645359849
0xc6c154d8b5479ff76780693de5ae1a33ac7ff71c9797de75f17b63fe37d637b2,0x6bd3f81a9a8adb4cb0ad56802c89576d242e4086,0x3e0defb880cd8e163bad68abe66437f99a7a8a74,0,1645359849
0x7fc99551a457b6467aa044a40ce3d154bd19adae153378d7936d36b6441ffd46,0x6bd3f81a9a8adb4cb0ad56802c89576d242e4086,0x3e0defb880cd8e163bad68abe66437f99a7a8a74,0,1645359838
0xc9223dd974430e0ad4d1bb00caf1231442f62c70a678556c8537cf061a7e5ac2,0x3e0defb880cd8e163bad68abe66437f99a7a8a74,0xc02aaa39b223fe8d0a0e5c4f27ead9083c756cc2,0,1645359813
0xf6030b13ceb81e46554f22f4778922352b0501a33c1edc8baf83523c2fa67250,0x6bd3f81a9a8adb4cb0ad56802c89576d242e4086,0x3e0defb880cd8e163bad68abe66437f99a7a8a74,0,1645359788
0xe6a05daa30125d221649cabcd3c0e5404d4ec7d836586f9458be1451d972bf48,0x3e0defb880cd8e163bad68abe66437f99a7a8a74,0x59728544b08ab483533076417fbbb2fd0b17ce3a,0,1645359745
0x59e3c9384613b48a0d19787a7da5351fc4944f592bf35fd9d529a56f28f3d16f,0xa5ec502a322dd8ed24f154c3a830475ca2d71e48,0x3e0defb880cd8e163bad68abe66437f99a7a8a74,100000000000000,1645359717
0x175e52ad45d4f0389c28e49a37468eeebfe8d30de7bcdc9e642220bb1df18d6b,0x6bd3f81a9a8adb4cb0ad56802c89576d242e4086,0x3e0defb880cd8e163bad68abe66437f99a7a8a74,800000000000,1645359642
0xe7f58f3d0e2921ed135c1afe811d7b8b6d0f5a62a71babdcd02b19278846d0bb,0x3e0defb880cd8e163bad68abe66437f99a7a8a74,0x0fc584529a2aefa997697fafacba5831fac0c22d,0,1645359570
0x55fcaf385e117ba348564e6d61044f6769cefe043ec533b02448c511ae40474a,0x3e0defb880cd8e163bad68abe66437f99a7a8a74,0x0fc584529a2aefa997697fafacba5831fac0c22d,0,1645359497
0x9f6bc71d03d272f8ef90cce557b28b8d0ad03fe2cc9dc0b9bab5929860125177,0x3e0defb880cd8e163bad68abe66437f99a7a8a74,0xed5af388653567af2f388e6224dc7c4b3241c544,0,1645359470
0xec53a824b13635c32006d965c409c8e34cea3d0c1ba0e73cb8d93992e41e6fdb,0x6bd3f81a9a8adb4cb0ad56802c89576d242e4086,0x3e0defb880cd8e163bad68abe66437f99a7a8a74,0,1645359464
0x9f23e4d0cb1692003687228cc91900d6ca34fb959760af30b8f5d4a0250a7693,0x6bd3f81a9a8adb4cb0ad56802c89576d242e4086,0x3e0defb880cd8e163bad68abe66437f99a7a8a74,0,1645359432
0x09cf70de031a91eae67ebf1b17c7fc1daeb1e600336d1695f68843a89785bc54,0x3e0defb880cd8e163bad68abe66437f99a7a8a74,0x59728544b08ab483533076417fbbb2fd0b17ce3a,0,1645359405
0x3bd423e7c0cfa44c346b6a4a22f98fe0a1da6ffa51b36cfa0deb66bf3bd85338,0x6bd3f81a9a8adb4cb0ad56802c89576d242e4086,0x3e0defb880cd8e163bad68abe66437f99a7a8a74,0,1645359405
0xfa556957b4e87594530f13645f48c352466cc304d12771b65f78d74e20d147b7,0x6bd3f81a9a8adb4cb0ad56802c89576d242e4086,0x3e0defb880cd8e163bad68abe66437f99a7a8a74,0,1645359405
0x34e4ccb0967071d308b4a3c024ac79a06728437be74bb381f28b648026bac5fe,0x3e0defb880cd8e163bad68abe66437f99a7a8a74,0x59728544b08ab483533076417fbbb2fd0b17ce3a,0,1645359295
0xc6e3f604399e7b6c83e59c46b3eb00020ddd6faf66b4ba7de8987b6fa034bdee,0x3e0defb880cd8e163bad68abe66437f99a7a8a74,0x59728544b08ab483533076417fbbb2fd0b17ce3a,0,1645359281
0x357d3c7bed805de82ab609f0bdc124a6880588b610885420cf622f33cbe90832,0x3e0defb880cd8e163bad68abe66437f99a7a8a74,0x59728544b08ab483533076417fbbb2fd0b17ce3a,0,1645359245
0x245a9ae352f29fc94e239a6fdbfb9a37e065ba92087f54513d5dbb4337f8c4cf,0x3e0defb880cd8e163bad68abe66437f99a7a8a74,0x59728544b08ab483533076417fbbb2fd0b17ce3a,0,1645359224
0x871c0e6137aa1d0d972fffbf714169e44c5992552fcd89a65b5958013e4d82d9,0x3e0defb880cd8e163bad68abe66437f99a7a8a74,0x59728544b08ab483533076417fbbb2fd0b17ce3a,0,1645359224
0xa847d81d86da1da1975f6af52ca93d8ab98298db5011e73733dcc44185f79e8e,0x3e0defb880cd8e163bad68abe66437f99a7a8a74,0x59728544b08ab483533076417fbbb2fd0b17ce3a,0,1645359175
0xf75fd083eb32c87a079464b7dabbc40a98c559981da7505713b86e23745f92b2,0xb381d2fcb4d15b2c7e4126426eb30489681fd1c7,0x3e0defb880cd8e163bad68abe66437f99a7a8a74,0,1645359159
0x6bbafe89085e4ac69a4a567bb787974fc038c125b9498554168006bfb97706cc,0x3e0defb880cd8e163bad68abe66437f99a7a8a74,0x59728544b08ab483533076417fbbb2fd0b17ce3a,0,1645359159
0x70c8622cea709c551de8135b71ce9ec0cb15a3cb835957d42937edf44ee360f9,0x3e0defb880cd8e163bad68abe66437f99a7a8a74,0x59728544b08ab483533076417fbbb2fd0b17ce3a,0,1645359130
0xd7362b5786358bf132f9c0fb2f1f2294c4f4b87bdff6fcd4c977be066451e242,0x3e0defb880cd8e163bad68abe66437f99a7a8a74,0x59728544b08ab483533076417fbbb2fd0b17ce3a,0,1645359059
0x6aed536317c68594fa141793cd01aecc20272857112af61f1f348e0948b545a8,0x3e0defb880cd8e163bad68abe66437f99a7a8a74,0x59728544b08ab483533076417fbbb2fd0b17ce3a,0,1645359029
0x9a9bb48a9a9b6c3bbd98f4786b85ec15e4fe78acf946c8ff09201c1a8371e8ee,0x3e0defb880cd8e163bad68abe66437f99a7a8a74,0x59728544b08ab483533076417fbbb2fd0b17ce3a,0,1645359001
0xd910c67a55618e0db6fdbcd9647b7eedebed0bbb098bdffc2a3276856f989221,0x3e0defb880cd8e163bad68abe66437f99a7a8a74,0x59728544b08ab483533076417fbbb2fd0b17ce3a,0,1645358956
0x1d3ce2edd3ef83c9c4d253b035a2a2bd7b1ee69a451a874b69965d32de361d41,0x3e0defb880cd8e163bad68abe66437f99a7a8a74,0x59728544b08ab483533076417fbbb2fd0b17ce3a,0,1645358935
0x38420e5449831d0ba4d25c1c395ef3a86a3c490a93927015e5e7ddff802ddc67,0x6bd3f81a9a8adb4cb0ad56802c89576d242e4086,0x3e0defb880cd8e163bad68abe66437f99a7a8a74,1111111000000,1645357021
0xa5b68ae635491721731f297573995bd269fd51baccedd696808783f215d74ff2,0x6bd3f81a9a8adb4cb0ad56802c89576d242e4086,0x3e0defb880cd8e163bad68abe66437f99a7a8a74,11111110000,1645357001
0xda95986295fcf9bf6f4f222389e838b74df692abbeb401523e419c9f8619c081,0x6bd3f81a9a8adb4cb0ad56802c89576d242e4086,0x3e0defb880cd8e163bad68abe66437f99a7a8a74,0,1645356963
0x13744eb131681bce8492f4e10b1f07107b2ba699ad8ff4338024df6169b04113,0x6bd3f81a9a8adb4cb0ad56802c89576d242e4086,0x3e0defb880cd8e163bad68abe66437f99a7a8a74,2222222222222,1645356963
0x90f06cd1554568f45af887d0e07e0090a425a1cf5194ac67bf69f272784094d0,0x6bd3f81a9a8adb4cb0ad56802c89576d242e4086,0x3e0defb880cd8e163bad68abe66437f99a7a8a74,0,1645356897
0xce1775d335bd2a62830a064d829e4249c6c34b79f03ab72b2e326978f3e25b5c,0xf4fbacc5263d5cf362a68ce614cdf05d842b26a6,0x3e0defb880cd8e163bad68abe66437f99a7a8a74,420000000000000,1645356770
0x3fe4a7176c2636d787f3747c8e9818981834a144d587e2ce41905f061566e22c,0xf4fbacc5263d5cf362a68ce614cdf05d842b26a6,0x3e0defb880cd8e163bad68abe66437f99a7a8a74,690000000000000,1645356730
0x2d29a4e2f2a3b415f5aea1b0364ae82650c1480c15c5cd41f147bdae7b80a2fb,0x3e0defb880cd8e163bad68abe66437f99a7a8a74,0xa2c0946ad444dccf990394c5cbe019a858a945bd,0,1645356637
